<vector android:alpha="0.92" android:height="48dp"
    android:viewportHeight="48" android:viewportWidth="48"
    android:width="48dp" xmlns:android="http://schemas.android.com/apk/res/android">


    <path android:fillColor="#00000000"
        android:pathData="M-1.2,-3c0.8,-0.5 1.7,-0.5 2.5,0"
        android:strokeColor="#504B46" android:strokeLineCap="round"
        android:strokeLineJoin="round" android:strokeWidth="1"/>
    <path android:fillAlpha="0.15" android:fillColor="#45413C"
        android:pathData="M10.5,41.6a13.5,1.5 0,1 0,27 0a13.5,1.5 0,1 0,-27 0z" android:strokeAlpha="0.15"/>
    <path android:fillColor="#FFFFFF" android:pathData="M46.9,20.7c0,-2.2 -1.6,-4 -3.6,-4.5c0,-0.2 0.1,-0.4 0.1,-0.6c0,-2.5 -2.1,-4.6 -4.6,-4.6c-1,0 -1.8,0.3 -2.6,0.8c0,-0.1 0,-0.2 0,-0.3c0,-2.5 -2.1,-4.6 -4.6,-4.6c-1.3,0 -2.4,0.5 -3.2,1.3c-0.5,-1.9 -2.3,-3.4 -4.4,-3.4s-3.9,1.4 -4.4,3.4c-0.8,-0.8 -2,-1.3 -3.2,-1.3c-2.5,0 -4.6,2.1 -4.6,4.6c0,0.1 0,0.2 0,0.3c-0.7,-0.5 -1.6,-0.8 -2.6,-0.8c-2.5,0 -4.6,2.1 -4.6,4.6c0,0.2 0,0.4 0.1,0.6c-2.1,0.4 -3.6,2.3 -3.6,4.5c0,2.3 1.7,4.2 3.9,4.5c-0.2,0.5 -0.3,1 -0.3,1.6c0,2.5 2.1,4.6 4.6,4.6c1,0 1.8,-0.3 2.6,-0.8c0,0.1 0,0.2 0,0.3c0,2.5 2.1,4.6 4.6,4.6c1.4,0 2.6,-0.6 3.5,-1.6c0.7,1.6 2.3,2.7 4.1,2.7s3.4,-1.1 4.1,-2.7c0.8,1 2.1,1.6 3.5,1.6c2.5,0 4.6,-2.1 4.6,-4.6c0,-0.1 0,-0.2 0,-0.3c0.7,0.5 1.6,0.8 2.6,0.8c2.5,0 4.6,-2.1 4.6,-4.6c0,-0.6 -0.1,-1.1 -0.3,-1.6C45.2,24.9 46.9,23 46.9,20.7z"/>
    <path android:fillColor="#F0F0F0" android:pathData="M44.3,18.9c0.2,0.5 0.3,1.1 0.3,1.7c0,2.7 -2.2,4.9 -4.9,4.9c-1,0 -2,-0.3 -2.7,-0.8c0,0.1 0,0.2 0,0.3c0,2.7 -2.2,4.9 -4.9,4.9c-1.5,0 -2.8,-0.7 -3.7,-1.8c-0.8,1.7 -2.5,2.8 -4.4,2.8s-3.6,-1.2 -4.4,-2.8c-0.9,1.1 -2.2,1.8 -3.7,1.8c-2.7,0 -4.9,-2.2 -4.9,-4.9c0,-0.1 0,-0.2 0,-0.3c-0.8,0.5 -1.7,0.8 -2.7,0.8c-2.7,0 -4.9,-2.2 -4.9,-4.9c0,-0.6 0.1,-1.2 0.3,-1.7c-0.7,-0.1 -1.3,-0.4 -1.8,-0.7c-0.5,0.7 -0.8,1.6 -0.8,2.5c0,2.3 1.7,4.2 3.9,4.5c-0.2,0.5 -0.3,1 -0.3,1.6c0,2.5 2.1,4.6 4.6,4.6c1,0 1.8,-0.3 2.6,-0.8c0,0.1 0,0.2 0,0.3c0,2.5 2.1,4.6 4.6,4.6c1.4,0 2.6,-0.6 3.5,-1.6c0.7,1.6 2.3,2.7 4.1,2.7s3.4,-1.1 4.1,-2.7c0.8,1 2.1,1.6 3.5,1.6c2.5,0 4.6,-2.1 4.6,-4.6c0,-0.1 0,-0.2 0,-0.3c0.7,0.5 1.6,0.8 2.6,0.8c2.5,0 4.6,-2.1 4.6,-4.6c0,-0.6 -0.1,-1.1 -0.3,-1.6c2.2,-0.3 3.9,-2.2 3.9,-4.5c0,-0.9 -0.3,-1.8 -0.8,-2.5C45.6,18.5 45,18.8 44.3,18.9z"/>
    <path android:fillColor="#00000000"
        android:pathData="M46.9,20.7c0,-2.2 -1.6,-4 -3.6,-4.5c0,-0.2 0.1,-0.4 0.1,-0.6c0,-2.5 -2.1,-4.6 -4.6,-4.6c-1,0 -1.8,0.3 -2.6,0.8c0,-0.1 0,-0.2 0,-0.3c0,-2.5 -2.1,-4.6 -4.6,-4.6c-1.3,0 -2.4,0.5 -3.2,1.3c-0.5,-1.9 -2.3,-3.4 -4.4,-3.4s-3.9,1.4 -4.4,3.4c-0.8,-0.8 -2,-1.3 -3.2,-1.3c-2.5,0 -4.6,2.1 -4.6,4.6c0,0.1 0,0.2 0,0.3c-0.7,-0.5 -1.6,-0.8 -2.6,-0.8c-2.5,0 -4.6,2.1 -4.6,4.6c0,0.2 0,0.4 0.1,0.6c-2.1,0.4 -3.6,2.3 -3.6,4.5c0,2.3 1.7,4.2 3.9,4.5c-0.2,0.5 -0.3,1 -0.3,1.6c0,2.5 2.1,4.6 4.6,4.6c1,0 1.8,-0.3 2.6,-0.8c0,0.1 0,0.2 0,0.3c0,2.5 2.1,4.6 4.6,4.6c1.4,0 2.6,-0.6 3.5,-1.6c0.7,1.6 2.3,2.7 4.1,2.7s3.4,-1.1 4.1,-2.7c0.8,1 2.1,1.6 3.5,1.6c2.5,0 4.6,-2.1 4.6,-4.6c0,-0.1 0,-0.2 0,-0.3c0.7,0.5 1.6,0.8 2.6,0.8c2.5,0 4.6,-2.1 4.6,-4.6c0,-0.6 -0.1,-1.1 -0.3,-1.6C45.2,24.9 46.9,23 46.9,20.7z"
        android:strokeColor="#45413C" android:strokeLineCap="round"
        android:strokeLineJoin="round" android:strokeWidth="1"/>
    <path android:fillColor="#FFB0CA" android:pathData="M15.9,22.7a1.2,0.8 0,1 0,2.4 0a1.2,0.8 0,1 0,-2.4 0z"/>
    <path android:fillColor="#FFB0CA"
        android:pathData="M27.1,24.7c0.5,0 0.9,0.5 0.8,1c-0.4,1.7 -2,3 -3.9,3c-1.9,0 -3.5,-1.3 -3.9,-3c-0.1,-0.5 0.3,-1 0.8,-1H27.1z"
        android:strokeColor="#45413C" android:strokeLineCap="round"
        android:strokeLineJoin="round" android:strokeWidth="1"/>
    <path android:fillColor="#FF87AF"
        android:pathData="M24,28.8c1.3,0 2.4,-0.6 3.2,-1.6c-0.8,-0.5 -1.9,-0.9 -3.2,-0.9s-2.4,0.3 -3.2,0.9C21.6,28.2 22.7,28.8 24,28.8z"
        android:strokeColor="#45413C" android:strokeLineCap="round"
        android:strokeLineJoin="round" android:strokeWidth="1"/>
    <path android:fillColor="#00000000"
        android:pathData="M16.7,21.1c0,-0.7 0.5,-1.2 1.2,-1.2s1.2,0.5 1.2,1.2"
        android:strokeColor="#45413C" android:strokeLineCap="round"
        android:strokeLineJoin="round" android:strokeWidth="1"/>
    <path android:fillColor="#FFB0CA" android:pathData="M29.7,22.7a1.2,0.8 0,1 0,2.4 0a1.2,0.8 0,1 0,-2.4 0z"/>
    <path android:fillColor="#00000000"
        android:pathData="M31.3,21.1c0,-0.7 -0.5,-1.2 -1.2,-1.2c-0.7,0 -1.2,0.5 -1.2,1.2"
        android:strokeColor="#45413C" android:strokeLineCap="round"
        android:strokeLineJoin="round" android:strokeWidth="1"/>
</vector>
